,ID_Deidentified,Semester,SEX,OCC_RPT_ETH_CD_DSC,URM Status,STRM,SUBJECT,CATALOG_NBR,CLASS_SECTION,CLASS_NBR,SSR_COMPONENT,STDNT_ENRL_STATUS,ENRL_STATUS_REASON,GRADING_BASIS_ENRL,TRANSACTION_DATE,WITHDRAW_CODE,Participation,Reading Assignment 2,Reading Assignment 3,Reading Assignment 4,Reading Assignment 5,Tracing Table Practice,Reading Assignment 6,Reading Assignment 7,Reading Assignment 8,Reading Assignment 9,Reading Assignment 10,Background Survey,Homework  Total,Homework Pct,Simple Arithmetic Program,Fun With Strings,Fun With Branching,Guess a Number,Credit Card Check Digit,Bar Chart Scoreboard,Dragon Trainers Tournament,Binary and Integer Conversions,Hi-Low Game,Poker Dice,Substitution Cipher,Guess the Word,Simple Clock,Project Totals,Project Pct,Week 1 Lab - Exercises,High or Low Against A Random Number,Hailstone Series,Palindrome,Fill An Array,Introducing Methods,Using The Debugger,Fill An Array Randomly,Fun With Files,ROT13 Encryption,Fun With Lists,Fun With Classes,Closed Lab Total,Closed Lab Pct,Midterm I (43527),Midterm II (43528),Final Exam (43512),Midterm Totals,Midterm Pct,Final Exam Pct,MT Reweight 1,MT Reweight 1 Pct,MT Reweight 2,MT Reweight 2 Pct,Total,Letter Grade,Reweight (based on reduced weight on MT1 and increased weight on MT2),Letter Grade.1,Reweight 2,Letter Grade.2,Final Grade,CRSE_GRADE_OFF
0,6847_1,AU2019,M,White,Non-URM,1198,CSE,1223,30,6847,LEC,E,ENRL,GRD,8-Aug-19,NWD,2.74,9.81,10,9.55,9.03,5,9.04,9.49,10,9.36,9.74,2,93.02,3.835876289,5,5,5,5,5,5,5,5,4.5,5,5,5,5,64.5,14.88461538,2,2,2,2,2,2,2,2,2,2,2,0,20,8,86,84,92,170,34,27.6,173,34.6,174,34.8,91.06049167,A-,91.66049167,A-,91.86049167,A-,91.86049167,A-
1,6847_2,AU2019,M,Black or African American,URM,1198,CSE,1223,30,6847,LEC,E,EWAT,GRD,19-Aug-19,NWD,2.47,9.43,10,9.36,8.83,4,8.75,10,10,9.18,10,2,91.55,3.775257732,5,5,5,4,0,3,3,4,2,4,1,4,0,40,9.230769231,2,2,2,1,2,2,2,2,2,2,2,0,20,8,70,59,44,129,25.8,13.2,116,23.2,121.5,24.3,62.47602696,D,59.87602696,E,60.97602696,D,62.47602696,D
2,6847_3,AU2019,M,White,Non-URM,1198,CSE,1223,30,6847,LEC,E,ENRL,GRD,12-Aug-19,NWD,2.47,9.43,10,9.94,10,4,9.42,10,10,9,9.74,2,93.53,3.856907216,5,4,5,5,5,5,4.67,5,2.88,3.5,1.33,1.5,4.5,52.38,12.08769231,2,2,2,2,2,2,2,2,2,2,2,2,20,8,84,85,80,169,33.8,24,167,33.4,166.5,33.3,84.21459952,B,83.81459952,B,83.71459952,B,84.21459952,B
3,6847_4,AU2019,M,White,Non-URM,1198,CSE,1223,30,6847,LEC,E,ENRL,GRD,30-Jul-19,NWD,2.91,10,10,10,10,5,10,10,10,10,10,2,97,4,5,5,5,4.5,5,5,3.75,5,5,4,5,5,4.5,61.75,14.25,2,2,2,2,2,2,2,2,2,2,2,2,20,8,59,63,58,122,24.4,17.4,121.5,24.3,119.5,23.9,70.96,C-,70.86,C-,70.46,C-,70.96,C-
4,6847_5,AU2019,M,Black or African American,URM,1198,CSE,1223,30,6847,LEC,E,ENRL,GRD,30-Jul-19,NWD,1.6,9.4,9.96,9.68,9.22,4,9.23,10,10,9.18,9.74,2,92.41,3.810721649,5,5,4.5,3.25,4.17,5,4.5,4.75,4.75,4.5,4.71,4,5,59.13,13.64538462,2,2,2,2,2,2,2,2,2,2,2,2,20,8,70,82,60,152,30.4,18,147,29.4,141,28.2,75.45610626,C,74.45610626,C,73.25610626,C,75.45610626,C
5,6847_6,AU2019,M,None Given/Race Unknown,Non-URM,1198,CSE,1223,30,6847,LEC,E,ENRL,GRD,12-Aug-19,NWD,2.56,9.62,9.79,9.74,8.93,5,8.56,9.57,10,9.18,0,2,82.39,3.397525773,5,0,5,5,5,3,5,5,5,5,5,0,0,48,11.07692308,2,2,2,2,2,0,2,2,2,0,2,1,19,7.6,78,71,56,149,29.8,16.8,138,27.6,141.5,28.3,71.23444885,C-,69.03444885,D+,69.73444885,D+,71.23444885,C-
6,6847_7,AU2019,M,White,Non-URM,1198,CSE,1223,30,6847,LEC,E,ENRL,GRD,30-Jul-19,NWD,2.65,10,10,10,10,5,10,10,10,10,10,2,97,4,5,5,5,5,5,5,5,5,5,5,5,5,5,65,15,2,2,2,2,2,2,2,2,2,2,2,1,20,8,88,89,92,177,35.4,27.6,179,35.8,178.5,35.7,92.65,A-,93.05,A,92.95,A-,93.05,A
7,6847_8,AU2019,F,Asian,Non-URM,1198,CSE,1223,30,6847,LEC,E,ENRL,GRD,5-Aug-19,NWD,2.65,10,10,10,10,4,10,10,10,10,10,2,96,3.958762887,5,5,5,5,5,5,5,5,5,4,4,5,5,63,14.53846154,2,2,2,2,2,2,1,2,2,2,2,2,20,8,93,85,83,178,35.6,24.9,173,34.6,177,35.4,89.64722443,B+,88.64722443,B+,89.44722443,B+,89.64722443,A-
8,6847_9,AU2019,M,White,Non-URM,1198,CSE,1223,30,6847,LEC,E,ENRL,GRD,2-Aug-19,NWD,2.74,10,10,10,10,5,10,10,10,6.36,10,2,93.36,3.849896907,5,5,5,5,5,5,5,5,5,5,5,5,5,65,15,2,2,2,2,2,2,2,2,2,2,2,2,20,8,98,98,95,196,39.2,28.5,194.5,38.9,194.5,38.9,97.28989691,A,96.98989691,A,96.98989691,A,97.28989691,A
9,6847_10,AU2019,M,Asian,Non-URM,1198,CSE,1223,30,6847,LEC,E,ENRL,GRD,4-Aug-19,NWD,3,10,10,10,10,5,10,10,10,10,10,2,97,4,5,5,5,5,5,5,5,5,5,5,5,5,5,65,15,0,2,2,2,2,2,2,2,2,2,2,2,20,8,98,98,93,196,39.2,27.9,193.5,38.7,193.5,38.7,97.1,A,96.6,A,96.6,A,97.1,A
10,6847_11,AU2019,F,White,Non-URM,1198,CSE,1223,30,6847,LEC,E,ENRL,GRD,13-Aug-19,NWD,2.8,10,10,10,10,5,10,10,10,10,10,2,97,4,5,5,5,5,5,5,5,5,5,5,5,5,5,65,15,2,2,2,2,2,2,2,2,2,2,2,2,20,8,95,92,93,187,37.4,27.9,186,37.2,187.5,37.5,95.1,A,94.9,A,95.2,A,95.2,A
11,6847_12,AU2019,F,Black or African American,URM,1198,CSE,1223,30,6847,LEC,E,ENRL,GRD,30-Jul-19,NWD,2.8,9.21,10,9.68,9.42,4.8,9.42,9.57,10,9.73,9.74,2,93.57,3.858556701,5,5,5,5,5,5,5,5,4.25,4.7,4.12,4.6,5,62.67,14.46230769,2,2,2,2,2,2,2,2,2,2,2,2,20,8,75,74,77,149,29.8,23.1,150,30,150.5,30.1,82.02086439,B-,82.22086439,B-,82.32086439,B-,82.32086439,B-
12,6847_13,AU2019,M,White,Non-URM,1198,CSE,1223,30,6847,LEC,E,ENRL,GRD,5-Aug-19,NWD,2.5,10,10,9.87,10,4.5,8.65,10,10,9.55,9.61,2,94.18,3.88371134,5,5,5,5,5,5,5,5,4.75,4.7,4.41,4.8,5,63.66,14.69076923,2,2,2,2,2,2,2,0,2,2,2,2,20,8,100,100,86,200,40,25.8,193,38.6,193,38.6,94.87448057,A,93.47448057,A,93.47448057,A,94.87448057,A
13,6847_14,AU2019,M,Hispanic,URM,1198,CSE,1223,30,6847,LEC,E,ENRL,GRD,30-Jul-19,NWD,3,9.56,10,9.62,8.83,4.5,8.85,9.57,10,9.27,10,2,92.2,3.802061856,4.5,0,4.75,0,2,0,2,0,2,0,0,0,0,15.25,3.519230769,0,2,2,1.5,2,2,2,0,2,2,2,0,17.5,7,81,62,66,143,28.6,19.8,135.5,27.1,145,29,65.72129262,D,64.22129262,D,66.12129262,D,66.12129262,D+
14,6847_15,AU2019,M,White,Non-URM,1198,CSE,1223,30,6847,LEC,E,ENRL,GRD,5-Aug-19,NWD,2.2,10,10,10,10,5,10,10,10,9.82,10,2,96.82,3.99257732,5,5,5,4.75,5,5,5,4.25,4.75,0,0,0,0,43.75,10.09615385,2,2,2,2,2,2,2,2,2,2,2,2,20,8,98,98,95,196,39.2,28.5,194.5,38.9,194.5,38.9,91.98873117,A-,91.68873117,A-,91.68873117,A-,91.98873117,A-
15,6847_16,AU2019,F,Asian,Non-URM,1198,CSE,1223,30,6847,LEC,E,ENRL,GRD,31-Jul-19,NWD,2.7,9.78,9.92,9.87,10,4.5,9.23,10,10,9.91,10,2,95.21,3.926185567,5,5,5,5,5,5,4.83,5,4,5,4.41,4.8,5,63.04,14.54769231,2,0,2,2,2,2,2,2,2,2,2,0,20,8,91,99,95,190,38,28.5,192,38.4,188,37.6,95.67387787,A,96.07387787,A,95.27387787,A,96.07387787,A
16,6847_17,AU2019,M,Asian,Non-URM,1198,CSE,1223,30,6847,LEC,E,ENRL,GRD,30-Jul-19,NWD,2.82,9.97,10,10,10,5,10,10,10,10,10,2,96.97,3.998762887,5,5,5,4,5,4.5,5,5,4.88,0.5,4.36,0,5,53.24,12.28615385,2,2,2,2,2,2,2,2,2,2,2,2,20,8,93,98,98,191,38.2,29.4,193.5,38.7,191,38.2,94.70491673,A,95.20491673,A,94.70491673,A,95.20491673,A
17,6847_18,AU2019,M,Non-Resident Alien,Non-URM,1198,CSE,1223,30,6847,LEC,E,ENRL,GRD,11-Aug-19,NWD,2.91,10,10,10,10,5,10,10,10,10,10,2,97,4,5,5,5,5,5,5,5,5,4.5,4,5,4.25,4.5,62.25,14.36538462,2,2,2,2,2,2,2,2,2,2,2,2,20,8,85,95,92,180,36,27.6,183.5,36.7,178.5,35.7,92.87538462,A-,93.57538462,A,92.57538462,A-,93.57538462,A-
18,6847_19,AU2019,M,Asian,Non-URM,1198,CSE,1223,30,6847,LEC,E,ENRL,GRD,8-Aug-19,NWD,3,10,10,9.94,10,4.5,10,10,10,10,10,2,96.44,3.976907216,5,5,5,5,5,5,5,5,5,4.5,5,4.5,5,64,14.76923077,2,2,2,2,2,2,2,2,2,2,2,2,20,8,92,94,90,186,37.2,27,185,37,184,36.8,93.94613799,A,93.74613799,A,93.54613799,A,93.94613799,A
19,6847_20,AU2019,F,Non-Resident Alien,Non-URM,1198,CSE,1223,30,6847,LEC,E,ENRL,GRD,8-Aug-19,NWD,3,10,10,10,10,4,10,10,10,10,10,2,96,3.958762887,5,5,5,4.5,5,5,4.25,4.5,1.88,4,5,4,4.5,57.63,13.29923077,2,2,2,2,2,2,2,2,2,2,2,2,20,8,78,92,70,170,34,21,166,33.2,159,31.8,83.25799366,B,82.45799366,B-,81.05799366,B-,83.25799366,B
20,6847_21,AU2019,F,White,Non-URM,1198,CSE,1223,30,6847,LEC,E,ENRL,GRD,30-Jul-19,NWD,2.12,9.37,10,8.72,9.81,3,2.12,9.57,10,9.27,9.74,2,83.6,3.44742268,5,5,5,5,3.5,4,4.25,3.5,5,4.5,4,3,5,56.75,13.09615385,2,2,2,2,2,2,2,2,2,2,2,0,20,8,89,90,83,179,35.8,24.9,176,35.2,175.5,35.1,87.36357653,B+,86.76357653,B,86.66357653,B,87.36357653,B+
21,6847_22,AU2019,M,Two or More Races,Non-URM,1198,CSE,1223,30,6847,LEC,E,ENRL,GRD,12-Aug-19,NWD,3,9.43,10,9.74,9.42,4.5,9.62,10,10,10,10,2,94.71,3.90556701,5,5,5,5,4,5,4.83,5,4.75,5,4.71,4.4,5,62.69,14.46692308,2,2,2,2,2,2,2,2,2,2,2,2,20,8,91,94,86,185,37,25.8,182.5,36.5,181,36.2,92.17249009,A-,91.67249009,A-,91.37249009,A-,92.17249009,A
22,6847_23,AU2019,M,White,Non-URM,1198,CSE,1223,30,6847,LEC,E,ENRL,GRD,30-Jul-19,NWD,2.7,9.24,10,9.04,8.83,0,8.65,9.57,10,9.64,9.74,2,86.71,3.575670103,5,5,4.75,3.5,0,0,3.83,3,4.25,3,2.65,2.75,5,42.73,9.860769231,2,2,2,2,2,2,2,2,2,0,2,2,20,8,75,56,45,131,26.2,13.5,116,23.2,125.5,25.1,63.83643933,D,60.83643933,D,62.73643933,D,63.83643933,D
23,6847_24,AU2019,M,White,Non-URM,1198,CSE,1223,30,6847,LEC,E,ENRL,GRD,11-Aug-19,NWD,0.53,0.47,1.94,0,4.95,0,10,0,10,0,0,2,29.36,1.210721649,5,0,5,5,0,5,5,0,5,5,0,4,0,39,9,2,0,0,0,0,0,0,0,0,2,0,0,4,1.6,71,94,85,165,33,25.5,172,34.4,160.5,32.1,70.84072165,C-,72.24072165,C-,69.94072165,D+,72.24072165,C
24,6847_25,AU2019,M,White,Non-URM,1198,CSE,1223,30,6847,LEC,E,ENRL,GRD,30-Jul-19,NWD,2.82,9.78,9.96,9.62,9.81,4,9.42,10,8.21,9.64,1.97,2,84.41,3.480824742,5,5,5,5,5,5,5,5,5,5,4,5,0,59,13.61538462,2,2,2,1,2,2,2,2,2,2,2,2,20,8,80,98,88,178,35.6,26.4,182,36.4,173,34.6,89.91620936,B+,90.71620936,A-,88.91620936,B+,90.71620936,A-
25,6847_26,AU2019,M,White,Non-URM,1198,CSE,1223,30,6847,LEC,E,EWAT,GRD,30-Jul-19,NWD,2.91,10,10,9.81,9.9,5,9.81,10,10,9.64,10,2,96.16,3.965360825,5,5,5,4.5,5,5,5,4,4,5,5,5,3,60.5,13.96153846,2,2,2,2,2,2,2,2,2,1,2,2,20,8,98,100,94,198,39.6,28.2,196,39.2,195,39,96.63689929,A,96.23689929,A,96.03689929,A,96.63689929,A
26,6847_27,AU2019,M,Non-Resident Alien,Non-URM,1198,CSE,1223,30,6847,LEC,E,ENRL,GRD,9-Aug-19,NWD,2.1,9.18,10,9.68,10,4.5,7.79,7.54,10,8.91,9.74,2,89.34,3.684123711,5,5,5,5,5,5,5,4.81,1,5,5,0,0,50.81,11.72538462,2,2,2,2,2,2,2,0,0,0,2,0,16,6.4,86,87,60,173,34.6,18,160,32,159.5,31.9,76.50950833,C,73.90950833,C,73.80950833,C,76.50950833,C+
27,6847_28,AU2019,M,White,Non-URM,1198,CSE,1223,30,6847,LEC,E,ENRL,GRD,30-Jul-19,NWD,2.65,10,10,9.94,10,0,10,6.96,10,9.82,10,2,88.72,3.658556701,5,5,5,5,5,5,5,5,5,5,5,5,5,65,15,2,2,2,2,2,2,2,2,2,1,2,2,20,8,94,100,90,194,38.8,27,192,38.4,189,37.8,95.1085567,A,94.7085567,A,94.1085567,A,95.1085567,A
28,6847_29,AU2019,M,White,Non-URM,1198,CSE,1223,30,6847,LEC,E,ENRL,GRD,12-Aug-19,NWD,2.8,9.78,10,9.74,9.13,4.25,8.65,9.57,10,9.45,9.74,2,92.31,3.806597938,5,5,5,5,5,3.5,4,4.75,4.5,4,5,4.25,0,55,12.69230769,2,2,2,2,2,2,2,2,2,2,2,2,20,8,84,96,81,180,36,24.3,178.5,35.7,172.5,34.5,87.59890563,B+,87.29890563,B+,86.09890563,B,87.59890563,B+
29,6847_30,AU2019,M,Asian,Non-URM,1198,CSE,1223,30,6847,LEC,E,ENRL,GRD,30-Jul-19,NWD,3,10,10,10,10,5,10,10,10,10,10,2,97,4,5,5,5,4.5,3.5,5,5,5,4.88,5,3.86,5,5,61.74,14.24769231,2,2,2,2,2,2,2,2,2,2,2,2,20,8,90,92,74,182,36.4,22.2,174,34.8,173,34.6,87.84769231,B+,86.24769231,B,86.04769231,B,87.84769231,B+
30,6847_31,AU2019,M,White,Non-URM,1198,CSE,1223,30,6847,LEC,E,ENRL,GRD,30-Jul-19,NWD,2.12,10,10,10,10,4,10,10,10,10,10,2,96,3.958762887,5,5,5,5,5,5,4.75,5,4.75,3.5,5,3.75,4,60.75,14.01923077,2,2,2,2,2,2,2,2,2,2,2,2,20,8,96,95,80,191,38.2,24,183,36.6,183.5,36.7,90.29799366,A-,88.69799366,B+,88.79799366,B+,90.29799366,A-
31,6847_32,AU2019,M,White,Non-URM,1198,CSE,1223,30,6847,LEC,E,ENRL,GRD,8-Aug-19,NWD,3,10,10,10,10,5,10,10,10,10,10,2,97,4,5,5,5,5,5,5,5,5,5,5,5,3.6,5,63.6,14.67692308,2,2,2,2,2,2,2,2,2,2,2,2,20,8,98,100,97,198,39.6,29.1,197.5,39.5,196.5,39.3,98.37692308,A,98.27692308,A,98.07692308,A,98.37692308,A
32,6847_33,AU2019,M,White,Non-URM,1198,CSE,1223,30,6847,LEC,E,ENRL,GRD,30-Jul-19,NWD,1.9,10,10,9.81,10,4.75,9.9,10,10,8.91,10,2,95.37,3.932783505,5,5,4.75,5,4,5,5,0,4.25,1.5,3.24,4,0,46.74,10.78615385,2,2,2,2,2,2,2,2,2,1.6,2,1.6,20,8,98,85,78,183,36.6,23.4,173,34.6,179.5,35.9,84.61893735,B,82.61893735,B-,83.91893735,B,84.61893735,B
33,6847_34,AU2019,M,Non-Resident Alien,Non-URM,1198,CSE,1223,30,6847,LEC,E,ENRL,GRD,13-Aug-19,NWD,3,10,10,10,10,3,10,10,10,10,10,2,95,3.917525773,5,5,5,4.5,4.5,5,5,5,5,5,5,5,5,64,14.76923077,2,2,2,2,2,2,2,2,2,2,2,2,20,8,93,95,88,188,37.6,26.4,185.5,37.1,184.5,36.9,93.68675654,A,93.18675654,A,92.98675654,A-,93.68675654,A
34,6847_35,AU2019,M,Asian,Non-URM,1198,CSE,1223,30,6847,LEC,E,ENRL,GRD,14-Aug-19,NWD,2.56,10,10,10,10,5,10,10,10,9.82,10,2,96.82,3.99257732,5,5,5,4.5,5,5,5,0,5,4,0,0,0,43.5,10.03846154,2,2,2,2,2,2,2,1,2,2,2,0,20,8,91,94,65,185,37,19.5,172,34.4,170.5,34.1,81.09103886,B-,78.49103886,C+,78.19103886,C+,81.09103886,B-
35,6847_36,AU2019,F,Non-Resident Alien,Non-URM,1198,CSE,1223,30,6847,LEC,E,ENRL,GRD,21-Aug-19,NWD,1,9.4,10,9.36,9.81,5,9.62,9.86,10,0,0,2,75.05,3.094845361,5,4,3,2.75,5,4.25,3.83,4,0,0,0,0,0,31.83,7.345384615,2,2,2,2,2,2,1.5,0,2,0,0,0,15.5,6.2,72,0,0,72,14.4,0,36,7.2,72,14.4,32.04022998,E,24.84022998,E,32.04022998,E,32.04022998,EN
36,6847_37,AU2019,M,White,Non-URM,1198,CSE,1223,30,6847,LEC,E,ENRL,GRD,30-Jul-19,NWD,2.03,9.27,10,9.17,8.74,0,7.79,10,10,9.36,10,2,86.33,3.56,5,5,5,5,5,5,5,0,3,3,4.5,5,3,53.5,12.34615385,2,2,2,1,2,1,0,2,2,1,2,1,17,6.8,64,45,34,109,21.8,10.2,94,18.8,103.5,20.7,56.73615385,E,53.73615385,E,55.63615385,E,56.73615385,E
37,6847_38,AU2019,M,Non-Resident Alien,Non-URM,1198,CSE,1223,30,6847,LEC,E,ENRL,GRD,31-Jul-19,NWD,2.82,10,10,10,10,4,10,10,10,10,10,2,96,3.958762887,5,5,5,4.5,5,5,5,5,5,3,4,5,5,61.5,14.19230769,2,2,2,2,2,1,2,2,2,2,2,2,20,8,96,97,88,193,38.6,26.4,189,37.8,188.5,37.7,93.97107058,A,93.17107058,A,93.07107058,A,93.97107058,A
38,6847_39,AU2019,M,Two or More Races,URM,1198,CSE,1223,30,6847,LEC,E,ENRL,GRD,30-Jul-19,NWD,2.91,9.78,10,9.68,10,4,9.62,10,10,10,10,2,95.08,3.920824742,5,5,5,5,5,5,4.75,5,5,4,5,5,5,63.75,14.71153846,2,2,2,2,2,2,2,2,2,2,2,2,20,8,99,96,86,195,39,25.8,188.5,37.7,190,38,94.3423632,A,93.0423632,A,93.3423632,A,94.3423632,A
39,6847_40,AU2019,M,White,Non-URM,1198,CSE,1223,30,6847,LEC,E,ENRL,GRD,9-Aug-19,NWD,2.8,9.49,9.96,9.74,9.81,5,9.81,9.42,10,10,10,2,95.23,3.927010309,5,5,5,5,4.5,5,4.83,5,4.75,3.75,5,4.25,5,62.08,14.32615385,2,2,2,2,2,2,2,2,2,2,2,2,20,8,78,86,72,164,32.8,21.6,161,32.2,157,31.4,83.45316416,B,82.85316416,B-,82.05316416,B-,83.45316416,B
40,6847_41,AU2019,F,Non-Resident Alien,Non-URM,1198,CSE,1223,30,6847,LEC,E,ENRL,GRD,6-Aug-19,NWD,3,10,10,10,10,5,10,10,10,10,10,2,97,4,5,5,5,4,5,4,5,4.5,5,4,4.71,4,5,60.21,13.89461538,2,2,2,2,2,2,2,2,2,2,2,2,20,8,67,87,80,154,30.8,24,160.5,32.1,150.5,30.1,83.69461538,B,84.99461538,B,82.99461538,B-,84.99461538,B
41,6847_42,AU2019,F,Non-Resident Alien,Non-URM,1198,CSE,1223,30,6847,LEC,E,ENRL,GRD,9-Aug-19,NWD,3,10,10,10,10,5,10,10,10,10,10,2,97,4,5,5,4.5,4.25,3.67,4.75,5,4.5,4.5,4,5,4.75,5,59.92,13.82769231,2,2,2,2,2,2,2,2,2,2,2,2,20,8,80,88,83,168,33.6,24.9,169.5,33.9,165.5,33.1,87.32769231,B+,87.62769231,B+,86.82769231,B,87.62769231,B+
42,6847_43,AU2019,M,Asian,Non-URM,1198,CSE,1223,30,6847,LEC,E,ENRL,GRD,5-Aug-19,NWD,3,9.68,10,9.74,9.81,4.75,9.81,9.86,10,9.55,10,2,95.2,3.925773196,5,5,5,4,4,5,5,4.23,4,3.79,5,3.8,5,58.82,13.57384615,2,2,2,2,2,2,2,2,2,2,2,2,20,8,77,99,91,176,35.2,27.3,183,36.6,172,34.4,90.99961935,A-,92.39961935,A-,90.19961935,A-,92.39961935,A
43,6847_44,AU2019,M,Non-Resident Alien,Non-URM,1198,CSE,1223,30,6847,LEC,E,ENRL,GRD,22-Aug-19,NWD,3,10,10,10,10,4,9.81,10,10,10,10,2,95.81,3.950927835,5,5,5,5,5,5,5,5,5,5,5,5,5,65,15,2,2,2,2,0,2,2,2,2,2,2,2,20,8,81,92,78,173,34.6,23.4,171.5,34.3,166,33.2,87.95092784,B+,87.65092784,B+,86.55092784,B,87.95092784,B+
44,6847_45,AU2019,M,White,Non-URM,1198,CSE,1223,30,6847,LEC,E,ENRL,GRD,30-Aug-19,NWD,1.59,0,0,9.55,9.13,0,8.94,10,10,10,10,2,69.62,2.870927835,5,5,5,5,0,5,5,3,5,4,0,0,5,47,10.84615385,0,2,2,0,0,1,1,0,1,0,2,1,10,4,86,81,88,167,33.4,26.4,168,33.6,170.5,34.1,79.10708168,C+,79.30708168,C+,79.80708168,C+,79.80708168,B-
45,6847_46,AU2019,F,White,Non-URM,1198,CSE,1223,30,6847,LEC,E,ENRL,GRD,30-Jul-19,NWD,2.8,10,10,10,10,4.5,10,10,10,10,10,2,96.5,3.979381443,5,5,5,4.5,5,5,5,5,4,4,4.12,3.5,5,60.12,13.87384615,2,2,2,2,2,2,2,2,2,2,2,2,20,8,95,89,83,184,36.8,24.9,178,35.6,181,36.2,90.3532276,A-,89.1532276,B+,89.7532276,B+,90.3532276,A-
46,6847_47,AU2019,M,Asian,Non-URM,1198,CSE,1223,30,6847,LEC,E,ENRL,FFG,13-Aug-19,NWD,1.68,8.8,9.92,8.72,8.74,4,7.79,8.41,10,10,10,2,88.38,3.644536082,5,5,5,5,5,0,5,4,5,4,0,5,5,53,12.23076923,2,2,1.5,2,2,1,0,1,1,1,2,2,16.5,6.6,61,68,43,129,25.8,12.9,120,24,116.5,23.3,62.85530531,D,61.05530531,D,60.35530531,D,62.85530531,#D
47,6847_48,AU2019,M,Non-Resident Alien,Non-URM,1198,CSE,1223,30,6847,LEC,E,ENRL,GRD,19-Aug-19,NWD,1.94,9.91,10,9.55,9.42,4,10,10,10,10,0,2,84.88,3.500206186,5,5,5,5,5,5,5,5,5,0,5,5,0,55,12.69230769,2,2,2,2,2,2,0,1,2,1,0,1,17,6.8,84,81,60,165,33,18,153,30.6,154.5,30.9,75.93251388,C,73.53251388,C,73.83251388,C,75.93251388,C
48,6847_49,AU2019,M,Hispanic,URM,1198,CSE,1223,30,6847,LEC,E,ENRL,GRD,30-Jul-19,NWD,2.56,4.18,10,9.68,8.64,4,9.04,9.57,10,9.18,9.74,2,86.03,3.547628866,5,5,5,0,5,4,4,5,0,5,4.5,5,5,52.5,12.11538462,2,2,2,2,2,2,2,2,2,2,2,2,20,8,93,84,61,177,35.4,18.3,161,32.2,165.5,33.1,79.92301348,C+,76.72301348,C,77.62301348,C+,79.92301348,B-
49,6847_50,AU2019,M,Non-Resident Alien,Non-URM,1198,CSE,1223,30,6847,LEC,E,ENRL,GRD,11-Aug-19,NWD,3,9.84,10,9.81,10,4.5,10,10,10,9.82,0,2,85.97,3.545154639,5,5,2,3,0,5,3.92,5,4.25,2.5,2.65,0,5,43.32,9.996923077,2,2,0,2,1.5,2,2,2,2,2,2,2,20,8,76,96,90,172,34.4,27,179,35.8,169,33.8,85.94207772,B,87.34207772,B+,85.34207772,B,87.34207772,B+
50,6847_51,AU2019,F,Black or African American,URM,1198,CSE,1223,30,6847,LEC,E,EWAT,GRD,30-Jul-19,NWD,3,8.8,10,9.42,9.22,4.5,8.85,9.57,10,8.82,9.74,2,90.92,3.749278351,5,2.5,4.75,3.5,0.83,0,0.83,0,0.75,0.5,0,0,0,18.66,4.306153846,0.4,2,2,2,2,2,0,2,2,2,2,2,20,8,68,63,39,131,26.2,11.7,116.5,23.3,119,23.8,56.9554322,E,54.0554322,E,54.5554322,E,56.9554322,E
51,6847_52,AU2019,M,Asian,Non-URM,1198,CSE,1223,30,6847,LEC,E,ENRL,GRD,30-Jul-19,NWD,3,10,10,10,10,4.75,10,10,10,10,10,2,96.75,3.989690722,5,5,4.5,3.75,5,5,5,5,5,5,5,4.5,5,62.75,14.48076923,2,2,2,2,2,2,2,2,2,2,2,2,20,8,88,100,94,188,37.6,28.2,191,38.2,185,37,95.27045995,A,95.87045995,A,94.67045995,A,95.87045995,A
52,6847_53,AU2019,M,White,Non-URM,1198,CSE,1223,30,6847,LEC,E,ENRL,GRD,30-Jul-19,NWD,2.74,10,10,9.62,9.42,4,9.42,10,10,9.64,10,2,94.1,3.880412371,5,5,5,5,5,5,4.75,5,4.88,2.5,1.47,4.5,5,58.1,13.40769231,2,2,2,2,2,2,2,2,2,2,2,2,20,8,91,96,84,187,37.4,25.2,183.5,36.7,181,36.2,90.62810468,A-,89.92810468,B+,89.42810468,B+,90.62810468,A-
53,6847_54,AU2019,M,Asian,Non-URM,1198,CSE,1223,30,6847,LEC,E,ENRL,GRD,14-Aug-19,NWD,2.9,10,10,10,10,4.75,10,10,10,10,10,2,96.75,3.989690722,5,5,5,5,5,5,4.83,5,4.75,4.7,5,4.8,5,64.08,14.78769231,2,2,2,2,2,2,2,2,2,2,2,2,20,8,92,91,96,183,36.6,28.8,185,37,185.5,37.1,95.07738303,A,95.47738303,A,95.57738303,A,95.57738303,A
54,6847_55,AU2019,M,Asian,Non-URM,1198,CSE,1223,30,6847,LEC,E,ENRL,GRD,13-Aug-19,NWD,2.8,10,10,9.74,10,5,0,9.86,10,9.27,10,2,85.87,3.541030928,5,5,4.25,3,5,3.5,5,4.75,4.75,2.75,4.71,0.5,5,53.21,12.27923077,2,2,2,2,2,2,2,2,2,2,2,2,20,8,90,90,98,180,36,29.4,184,36.8,184,36.8,92.0202617,A-,92.8202617,A-,92.8202617,A-,92.8202617,A
55,6847_56,AU2019,M,White,Non-URM,1198,CSE,1223,30,6847,LEC,E,ENRL,GRD,30-Jul-19,NWD,3,10,10,9.94,10,4.5,9.42,9.57,10,9.27,9.74,2,94.44,3.89443299,5,5,5,5,5,4.75,5,4.5,5,5,5,4.25,5,63.5,14.65384615,2,2,2,2,2,2,2,2,2,2,2,2,20,8,86,93,87,179,35.8,26.1,179.5,35.9,176,35.2,91.44827914,A-,91.54827914,A-,90.84827914,A-,91.54827914,A-
56,6847_57,AU2019,M,White,Non-URM,1198,CSE,1223,30,6847,LEC,E,ENRL,GRD,11-Aug-19,NWD,2.91,9.62,10,9.62,8.83,3,10,9.57,10,9.27,9.74,2,91.65,3.779381443,5,5,5,4,4.5,5,4.67,5,1.38,0.5,4.5,4,5,53.55,12.35769231,2,2,2,2,2,2,2,2,2,2,2,0,20,8,94,89,82,183,36.6,24.6,177,35.4,179.5,35.9,88.24707375,B+,87.04707375,B+,87.54707375,B+,88.24707375,B+
57,6847_58,AU2019,U,White,Non-URM,1198,CSE,1223,30,6847,LEC,E,ENRL,GRD,13-Aug-19,NWD,2.2,10,9.24,0,0,4,8.65,9.13,10,9.18,9.34,2,71.54,2.950103093,5,5,4.5,4,3.5,2.5,4.33,3.5,0,0,0,0,5,37.33,8.614615385,2,2,2,2,2,2,0,2,2,2,2,2,20,8,84,99,95,183,36.6,28.5,188.5,37.7,181,36.2,86.86471848,B,87.96471848,B+,86.46471848,B,87.96471848,B+
58,6847_59,AU2019,M,None Given/Race Unknown,Non-URM,1198,CSE,1223,30,6847,LEC,E,ENRL,GRD,8-Aug-19,NWD,1.85,10,10,9.74,10,4,10,10,8.57,10,10,2,94.31,3.889072165,0,5,0,4,0,4.5,3.59,5,2.13,4.5,5,3.25,4.5,41.47,9.57,2,2,2,2,2,0,2,1,2,2,2,2,20,8,97,98,91,195,39,27.3,192,38.4,191.5,38.3,89.60907216,B+,89.00907216,B+,88.90907216,B+,89.60907216,A-
59,6847_60,AU2019,M,White,Non-URM,1198,CSE,1223,30,6847,LEC,E,ENRL,GRD,15-Aug-19,NWD,3,9.87,10,10,10,4.5,10,10,10,10,10,2,96.37,3.974020619,5,5,4,4,5,5,5,4.75,5,4.5,5,5,5,62.25,14.36538462,2,2,2,2,2,2,2,2,2,2,2,2,20,8,98,93,87,191,38.2,26.1,185.5,37.1,188,37.6,93.63940523,A,92.53940523,A-,93.03940523,A,93.63940523,A
60,6847_61,AU2019,M,White,Non-URM,1198,CSE,1223,30,6847,LEC,E,ENRL,GRD,4-Aug-19,NWD,2.5,10,10,9.94,10,4.5,9.81,10,10,9.91,10,2,96.16,3.965360825,5,5,5,5,5,4.5,4.5,4.75,5,3.5,4.12,4,5,60.37,13.93153846,2,2,2,2,2,2,1.5,2,2,2,2,2,20,8,86,93,97,179,35.8,29.1,184.5,36.9,181,36.2,93.29689929,A,94.39689929,A,93.69689929,A,94.39689929,A
61,6847_62,AU2019,M,White,Non-URM,1198,CSE,1223,30,6847,LEC,E,ENRL,GRD,13-Aug-19,NWD,2.74,10,10,10,10,4,9.62,10,10,9.82,10,2,95.44,3.935670103,5,5,5,5,5,5,5,5,5,5,5,5,5,65,15,2,2,2,2,2,2,2,2,2,1,2,2,20,8,79,94,95,173,34.6,28.5,181,36.2,173.5,34.7,92.7756701,A-,94.3756701,A,92.8756701,A-,94.3756701,A-
62,6847_63,AU2019,M,White,Non-URM,1198,CSE,1223,30,6847,LEC,E,EWAT,GRD,6-Aug-19,NWD,2.9,9.87,10,10,10,4.75,10,10,10,10,10,2,96.62,3.984329897,5,5,5,5,5,5,5,5,5,5,5,5,5,65,15,2,2,2,2,2,2,2,2,2,2,2,0,20,8,78,92,77,170,34,23.1,169.5,33.9,162.5,32.5,86.9843299,B,86.8843299,B,85.4843299,B,86.9843299,B+
63,6847_64,AU2019,F,Non-Resident Alien,Non-URM,1198,CSE,1223,30,6847,LEC,E,ENRL,GRD,8-Aug-19,NWD,2.5,9.94,10,9.68,10,4.25,9.23,10,10,10,10,2,95.1,3.921649485,5,5,5,3.5,5,4.75,5,4.75,4.75,3.75,4.41,3,5,58.91,13.59461538,2,2,2,2,2,2,2,2,2,2,2,2,20,8,85,97,89,182,36.4,26.7,184,36.8,178,35.6,91.11626487,A-,91.51626487,A-,90.31626487,A-,91.51626487,A-
64,6847_65,AU2019,M,Non-Resident Alien,Non-URM,1198,CSE,1223,30,6847,LEC,E,ENRL,GRD,20-Aug-19,NWD,2.74,8.04,10,10,10,4,10,10,10,10,10,2,94.04,3.877938144,5,5,5,5,5,5,5,5,4.5,4,0,4,5,57.5,13.26923077,2,2,2,2,2,2,2,2,2,2,2,1,20,8,97,96,88,193,38.6,26.4,188.5,37.7,189,37.8,92.88716891,A-,91.98716891,A-,92.08716891,A-,92.88716891,A
65,6847_66,AU2019,M,Non-Resident Alien,Non-URM,1198,CSE,1223,30,6847,LEC,E,ENRL,GRD,20-Aug-19,NWD,2.74,10,10,9.94,10,4,5.38,10,7.5,8.82,10,2,87.64,3.614020619,5,5,5,4.5,4,5,3.25,3.5,4.25,0.5,2.41,2.25,4.5,49.16,11.34461538,2,2,2,2,2,2,2,2,0,1,2,2,20,8,98,94,89,192,38.4,26.7,187.5,37.5,189.5,37.9,90.798636,A-,89.898636,B+,90.298636,A-,90.798636,A-
66,6847_67,AU2019,M,Non-Resident Alien,Non-URM,1198,CSE,1223,30,6847,LEC,E,ENRL,GRD,5-Aug-19,NWD,2.29,10,10,10,10,4,9.81,10,10,9.91,10,2,95.72,3.947216495,5,5,5,5,5,5,4,5,5,5,5,5,3,62,14.30769231,2,2,2,2,2,2,2,2,2,1,2,2,20,8,100,94,78,194,38.8,23.4,183,36.6,186,37.2,90.7449088,A-,88.5449088,B+,89.1449088,B+,90.7449088,A-
67,6847_68,AU2019,F,Asian,Non-URM,1198,CSE,1223,30,6847,LEC,E,ENRL,GRD,11-Aug-19,NWD,3,0.51,10,10,10,5,10,10,10,10,10,2,87.51,3.608659794,5,5,5,5,5,5,5,5,5,5,5,4.5,5,64.5,14.88461538,2,2,2,2,2,2,2,2,2,2,2,2,20,8,99,97,99,196,39.2,29.7,196,39.2,197,39.4,98.39327518,A,98.39327518,A,98.59327518,A,98.59327518,A
68,6847_69,AU2019,F,Non-Resident Alien,Non-URM,1198,CSE,1223,30,6847,LEC,E,ENRL,GRD,30-Jul-19,NWD,3,10,10,10,10,4,10,10,10,10,10,2,96,3.958762887,5,5,5,5,5,5,5,5,5,4.5,5,4.75,5,64.25,14.82692308,2,2,2,2,2,2,2,2,2,2,2,2,20,8,82,90,88,172,34.4,26.4,175,35,171,34.2,90.58568596,A-,91.18568596,A-,90.38568596,A-,91.18568596,A-
69,6847_70,AU2019,M,Non-Resident Alien,Non-URM,1198,CSE,1223,30,6847,LEC,E,EWAT,GRD,7-Aug-19,NWD,3,9.81,10,10,9.9,4.25,10,9.78,10,10,9.74,2,95.48,3.937319588,5,5,4.75,,4.75,5,4.83,3.5,5,4,4.41,3,5,54.24,12.51692308,2,2,2,2,2,2,2,2,0,0,2,2,20,8,69,90,64,159,31.8,19.2,156.5,31.3,146,29.2,78.45424266,C+,77.95424266,C+,75.85424266,C,78.45424266,C+
70,6847_71,AU2019,M,Non-Resident Alien,Non-URM,1198,CSE,1223,30,6847,LEC,E,ENRL,GRD,13-Aug-19,NWD,2.74,10,10,9.94,10,4,9.04,10,10,9.64,10,2,94.62,3.90185567,5,5,5,5,5,5,5,5,5,5,5,5,5,65,15,2,2,2,2,2,2,2,2,2,2,2,2,20,8,85,78,56,163,32.6,16.8,148.5,29.7,152,30.4,79.04185567,C+,76.14185567,C,76.84185567,C,79.04185567,B-
71,6847_72,AU2019,M,White,Non-URM,1198,CSE,1223,30,6847,LEC,E,EWAT,GRD,30-Jul-19,NWD,2.82,10,10,9.74,10,5,10,9.86,10,10,10,2,96.6,3.983505155,5,5,5,5,5,5,5,5,5,5,5,4.6,5,64.6,14.90769231,2,2,2,2,2,2,2,2,2,2,0,2,20,8,90,84,90,174,34.8,27,174,34.8,177,35.4,91.51119746,A-,91.51119746,A-,92.11119746,A-,92.11119746,A
72,6847_73,AU2019,M,Non-Resident Alien,Non-URM,1198,CSE,1223,30,6847,LEC,E,EWAT,GRD,14-Aug-19,NWD,3,10,10,10,10,4,10,10,10,10,10,2,96,3.958762887,5,5,5,5,5,5,4.75,5,4.5,5,5,5,5,64.25,14.82692308,2,2,2,2,2,2,2,2,2,2,2,2,20,8,87,84,80,171,34.2,24,167.5,33.5,169,33.8,87.98568596,B+,87.28568596,B+,87.58568596,B+,87.98568596,B+
73,6847_74,AU2019,M,Asian,Non-URM,1198,CSE,1223,30,6847,LEC,E,ENRL,GRD,1-Aug-19,NWD,3,10,10,10,10,4.5,10,10,10,10,10,2,96.5,3.979381443,5,5,5,5,5,5,5,5,4.75,3.5,5,4.5,5,62.75,14.48076923,2,2,2,2,2,2,2,2,2,2,2,2,20,8,94,99,89,193,38.6,26.7,190.5,38.1,188,37.6,94.76015067,A,94.26015067,A,93.76015067,A,94.76015067,A
74,6847_75,AU2019,M,Non-Resident Alien,Non-URM,1198,CSE,1223,30,6847,LEC,E,EWAT,GRD,30-Jul-19,NWD,3,9.68,10,9.62,9.81,3,9.62,10,10,9.91,10,2,93.64,3.861443299,5,5,5,4.5,4,5,4.92,5,4.88,4,5,4.25,5,61.55,14.20384615,2,2,2,2,2,2,2,2,2,2,2,2,20,8,95,89,88,184,36.8,26.4,180.5,36.1,183.5,36.7,92.26528945,A-,91.56528945,A-,92.16528945,A-,92.26528945,A-
75,6847_76,AU2019,M,Non-Resident Alien,Non-URM,1198,CSE,1223,30,6847,LEC,E,ENRL,GRD,4-Aug-19,NWD,3,10,9.92,9.81,9.9,4.5,10,10,10,10,10,2,96.13,3.964123711,5,5,4.5,3.5,5,4,5,4.5,4.5,4.75,4.71,4.4,5,59.86,13.81384615,2,2,2,2,1.5,2,1.5,2,2,2,2,2,20,8,98,95,78,193,38.6,23.4,183,36.6,184.5,36.9,90.77796987,A-,88.77796987,B+,89.07796987,B+,90.77796987,B+
76,6847_77,AU2019,F,Non-Resident Alien,Non-URM,1198,CSE,1223,30,6847,LEC,E,ENRL,GRD,26-Aug-19,NWD,2.7,9.94,10,9.49,9.42,5,10,10,10,10,10,2,95.85,3.95257732,5,5,5,4,5,5,5,5,3,4.85,4.41,4.2,5,60.46,13.95230769,2,2,2,2,2,2,2,2,2,2,2,2,20,8,91,81,81,172,34.4,24.3,167,33.4,172,34.4,87.30488501,B+,86.30488501,B,87.30488501,B+,87.30488501,A
77,6847_78,AU2019,F,Non-Resident Alien,Non-URM,1198,CSE,1223,30,6847,LEC,E,ENRL,GRD,30-Jul-19,NWD,3,10,10,10,10,5,10,10,10,10,10,2,97,4,5,5,5,4.5,4.5,5,4.25,4,1.63,0.5,2.41,1.25,5,48.04,11.08615385,2,2,2,2,2,2,2,2,2,2,2,2,20,8,83,74,62,157,31.4,18.6,146.5,29.3,151,30.2,76.08615385,C,73.98615385,C,74.88615385,C,76.08615385,C+
78,6847_79,AU2019,M,Non-Resident Alien,Non-URM,1198,CSE,1223,30,6847,LEC,E,ENRL,GRD,5-Aug-19,NWD,3,10,10,10,10,4.5,10,10,10,10,10,2,96.5,3.979381443,5,5,5,4,5,5,4.67,2.75,0.5,0,0,3,0,39.92,9.212307692,2,2,2,2,2,2,2,2,2,2,2,2,20,8,68,60,62,128,25.6,18.6,125,25,129,25.8,68.39168914,D+,67.79168914,D+,68.59168914,D+,68.59168914,D+
79,6847_80,AU2019,M,White,Non-URM,1198,CSE,1223,30,6847,LEC,E,ENRL,GRD,30-Jul-19,NWD,3,10,10,10,10,4.75,10,10,10,10,10,2,96.75,3.989690722,5,5,5,5,5,5,5,5,5,5,5,5,5,65,15,2,2,2,2,2,2,2,2,2,2,2,2,20,8,96,99,100,195,39,30,197,39.4,195.5,39.1,98.98969072,A,99.38969072,A,99.08969072,A,99.38969072,A
80,6847_81,AU2019,M,White,Non-URM,1198,CSE,1223,30,6847,LEC,E,ENRL,GRD,30-Jul-19,NWD,2.82,9.68,10,9.68,8.83,5,9.62,9.57,10,9.27,9.74,2,93.39,3.851134021,5,5,5,5,4,5,5,5,5,5,5,5,5,64,14.76923077,2,2,2,2,2,2,2,2,2,2,2,2,20,8,76,93,79,169,33.8,23.7,170.5,34.1,162,32.4,86.94036479,B,87.24036479,B+,85.54036479,B,87.24036479,B+
81,6847_82,AU2019,M,Two or More Races,URM,1198,CSE,1223,30,6847,LEC,E,ENRL,GRD,9-Aug-19,NWD,2.91,9.18,10,9.42,8.83,4,8.75,9.71,10,9.18,10,2,91.07,3.755463918,5,5,5,5,5,4,5,3,2,3,3.53,4,3,52.53,12.12230769,2,2,2,0,2,2,2,2,1,1,2,0,18,7.2,73,83,72,156,31.2,21.6,155.5,31.1,150.5,30.1,78.78777161,C+,78.68777161,C+,77.68777161,C+,78.78777161,C+
82,6847_83,AU2019,M,White,Non-URM,1198,CSE,1223,30,6847,LEC,E,ENRL,GRD,30-Jul-19,NWD,3,9.87,10,9.74,9.81,4.5,9.42,9.86,5,9.82,9.74,2,89.76,3.701443299,5,4,5,5,5,5,4.83,4.62,2.5,3.79,5,4.2,5,58.94,13.60153846,1.5,2,2,2,2,2,2,2,2,0,2,2,20,8,81,91,81,172,34.4,24.3,172,34.4,167,33.4,87.00298176,B+,87.00298176,B+,86.00298176,B,87.00298176,B+
83,6847_84,AU2019,M,White,Non-URM,1198,CSE,1223,30,6847,LEC,E,ENRL,GRD,30-Jul-19,NWD,2.38,9.94,10,10,10,4,10,10,9.64,10,10,2,95.58,3.941443299,5,5,5,4.5,5,5,5,5,5,5,5,5,5,64.5,14.88461538,2,2,2,2,2,2,2,2,2,2,2,2,20,8,66,96,94,162,32.4,28.2,176,35.2,161,32.2,89.80605868,B+,92.60605868,A-,89.60605868,B+,92.60605868,A
84,6847_85,AU2019,M,Hispanic,URM,1198,CSE,1223,30,6847,LEC,E,ENRL,GRD,26-Aug-19,NWD,2.5,9.46,10,9.36,9.22,4.75,8.85,9.49,8.57,2.55,0,2,74.25,3.06185567,5,5,4.5,4.5,4.5,4.25,0,3,5,0.5,0,0,0,36.25,8.365384615,2,2,2,2,2,2,2,0,0,2,2,0,18,7.2,90,82,78,172,34.4,23.4,166,33.2,170,34,78.92724029,C+,77.72724029,C+,78.52724029,C+,78.92724029,C+
85,6847_86,AU2019,M,Non-Resident Alien,Non-URM,1198,CSE,1223,30,6847,LEC,E,ENRL,GRD,19-Aug-19,NWD,2.65,0,0,9.36,8.06,5,9.13,10,10,9.91,9.61,2,73.07,3.013195876,5,5,5,5,5,5,5,5,4.75,5,5,5,5,64.75,14.94230769,2,2,2,1,2,2,2,2,2,2,2,2,20,8,94,96,89,190,38,26.7,187.5,37.5,186.5,37.3,93.30550357,A,92.80550357,A-,92.60550357,A-,93.30550357,A
86,6847_87,AU2019,M,White,Non-URM,1198,CSE,1223,30,6847,LEC,E,ENRL,GRD,12-Aug-19,NWD,2.6,10,10,9.74,9.9,4.75,9.13,9.57,10,9.18,9.74,2,94.01,3.876701031,4,5,5,4.5,3,4.5,4.83,5,4.25,1.5,4.71,0,0,46.29,10.68230769,2,2,2,2,2,2,2,0,2,2,2,2,20,8,92,97,96,189,37.8,28.8,191,38.2,188.5,37.7,91.75900872,A-,92.15900872,A-,91.65900872,A-,92.15900872,A
87,6847_88,AU2019,M,White,Non-URM,1198,CSE,1223,30,6847,LEC,E,ENRL,GRD,30-Jul-19,NWD,2.29,9.94,10,9.87,9.81,5,9.23,10,10,9.27,9.74,2,94.86,3.911752577,5,5,5,4,5,4,4.5,5,5,3.5,4,0,0,50,11.53846154,2,2,2,2,2,2,2,1,2,2,0,2,20,8,34,51,46,85,17,13.8,91,18.2,82.5,16.5,56.54021412,E,57.74021412,E,56.04021412,E,57.74021412,E
88,6847_89,AU2019,M,White,Non-URM,1198,CSE,1223,30,6847,LEC,E,ENRL,GRD,31-Jul-19,NWD,2.8,10,10,10,10,5,10,10,10,10,10,2,97,4,5,5,5,5,5,4.5,5,5,3.75,3.64,3.82,4.2,5,59.91,13.82538462,2,2,2,2,2,2,2,2,2,2,2,2,20,8,87,91,90,178,35.6,27,179.5,35.9,177.5,35.5,91.22538462,A-,91.52538462,A-,91.12538462,A-,91.52538462,A-
89,6847_90,AU2019,M,Two or More Races,Non-URM,1198,CSE,1223,30,6847,LEC,E,ENRL,GRD,30-Jul-19,NWD,3,10,10,10,10,5,10,10,10,10,10,2,97,4,5,5,5,5,5,5,5,5,5,5,5,5,5,65,15,2,2,2,2,2,2,2,2,2,2,2,2,20,8,100,100,93,200,40,27.9,196.5,39.3,196.5,39.3,97.9,A,97.2,A,97.2,A,97.9,A
90,6847_91,AU2019,M,Asian,Non-URM,1198,CSE,1223,30,6847,LEC,E,ENRL,GRD,30-Jul-19,NWD,3,10,10,9.94,10,4.75,10,10,10,10,9.74,2,96.43,3.976494845,5,5,5,5,5,5,4.67,5,4,3.94,4.71,5,5,62.32,14.38153846,2,2,2,2,2,2,2,2,2,2,2,2,20,8,84,90,86,174,34.8,25.8,175,35,172,34.4,89.95803331,B+,90.15803331,A-,89.55803331,B+,90.15803331,A-
91,6847_92,AU2019,M,White,Non-URM,1198,CSE,1223,30,6847,LEC,E,ENRL,GRD,30-Jul-19,NWD,2.74,10,10,10,10,5,10,10,10,10,10,2,97,4,5,5,5,5,5,5,5,5,5,5,5,5,5,65,15,2,2,2,2,2,2,2,2,2,1,2,2,20,8,99,96,88,195,39,26.4,189.5,37.9,191,38.2,95.14,A,94.04,A,94.34,A,95.14,A
92,6847_93,AU2019,F,Non-Resident Alien,Non-URM,1198,CSE,1223,30,6847,LEC,E,ENRL,GRD,5-Aug-19,NWD,2.9,10,10,10,10,4.5,10,10,10,10,10,2,96.5,3.979381443,5,5,5,5,5,5,4.75,4.5,4.5,1.5,5,5,5,60.25,13.90384615,2,2,2,2,2,2,2,2,2,2,2,2,20,8,89,93,89,182,36.4,26.7,182,36.4,180,36,91.8832276,A-,91.8832276,A-,91.4832276,A-,91.8832276,A
93,6847_94,AU2019,M,White,Non-URM,1198,CSE,1223,30,6847,LEC,E,ENRL,GRD,7-Aug-19,NWD,2.6,10,10,9.49,9.03,4.25,9.62,9.57,10,8.91,0,2,82.87,3.417319588,5,5,5,5,3,5,5,3.62,3.75,4.7,2.65,2.6,2.86,53.18,12.27230769,2,2,2,2,2,2,2,2,2,2,2,2,20,8,79,93,88,172,34.4,26.4,176.5,35.3,169.5,33.9,87.08962728,B+,87.98962728,B+,86.58962728,B,87.98962728,B+
94,6847_95,AU2019,M,Two or More Races,Non-URM,1198,CSE,1223,30,6847,LEC,E,ENRL,FFG,30-Jul-19,NWD,2.12,0.44,0,0,0,4,0,0,10,9.91,10,2,36.35,1.498969072,0,0,5,4,5,5,4,5,5,5,5,5,5,53,12.23076923,0,0,0,0,1.5,2,2,2,2,2,2,0,13.5,5.4,43,82,65,125,25,19.5,136,27.2,116.5,23.3,65.7497383,D,67.9497383,D+,64.0497383,D,67.9497383,#D+
95,6847_96,AU2019,M,White,Non-URM,1198,CSE,1223,30,6847,LEC,E,EWAT,GRD,18-Aug-19,NWD,0.53,10,10,9.81,8.83,3,0,9.57,10,9.09,10,2,82.3,3.393814433,5,5,5,0,0,0,0,0,0,0,0,0,4.5,19.5,4.5,2,2,2,0,1,0,2,1,0,1,0,0,11,4.4,63,56,55,119,23.8,16.5,115,23,118.5,23.7,53.12381443,E,52.32381443,E,53.02381443,E,53.12381443,E
96,6847_97,AU2019,F,Non-Resident Alien,Non-URM,1198,CSE,1223,30,6847,LEC,E,ENRL,GRD,30-Jul-19,NWD,2.91,10,10,10,10,5,10,10,10,10,10,2,97,4,5,5,5,5,4.5,4.5,4.5,5,4.25,4.5,5,4.25,5,61.5,14.19230769,2,2,2,2,2,2,2,2,2,2,2,2,20,8,93,100,92,193,38.6,27.6,192.5,38.5,189,37.8,95.30230769,A,95.20230769,A,94.50230769,A,95.30230769,A
97,6847_98,AU2019,M,Asian,Non-URM,1198,CSE,1223,30,6847,LEC,E,ENRL,FFG,14-Oct-19,NWD,2.8,10,10,10,10,4.5,10,10,10,10,10,2,96.5,3.979381443,5,5,5,4.25,3.5,2,4.33,3.25,3.75,4,2.65,4.4,5,52.13,12.03,0,2,2,2,2,2,2,2,2,2,2,2,20,8,80,64,64,144,28.8,19.2,136,27.2,144,28.8,74.80938144,C,73.20938144,C,74.80938144,C,74.80938144,#C
98,6847_99,AU2019,M,Asian,Non-URM,1198,CSE,1223,30,6847,LEC,E,ENRL,GRD,2-Aug-19,NWD,3,10,10,10,10,4.75,10,10,10,10,10,2,96.75,3.989690722,5,5,5,5,5,5,5,5,4.75,4.55,5,4.8,5,64.1,14.79230769,2,2,2,2,2,2,2,2,2,2,2,2,20,8,96,98,91,194,38.8,27.3,191.5,38.3,190.5,38.1,95.88199841,A,95.38199841,A,95.18199841,A,95.88199841,A
99,6847_100,AU2019,M,Asian,Non-URM,1198,CSE,1223,30,6847,LEC,E,ENRL,FFG,8-Aug-19,NWD,2.29,9.94,10,9.94,10,4,10,9.57,10,10,10,2,95.45,3.936082474,5,5,5,5,5,0,5,3,4.5,3,4.5,4,5,54,12.46153846,2,2,2,2,0,2,2,2,1,0,2,0,17,6.8,66,51,70,117,23.4,21,119,23.8,126.5,25.3,69.88762094,D+,70.28762094,C-,71.78762094,C-,71.78762094,#C-
100,6847_101,AU2019,M,Non-Resident Alien,Non-URM,1198,CSE,1223,30,6847,LEC,E,ENRL,GRD,27-Aug-19,NWD,2.2,10,10,10,10,0,10,10,10,10,0,2,82,3.381443299,5,5,5,5,5,5,3.83,4.81,0,5,5,0,0,48.64,11.22461538,2,2,2,2,2,0,2,2,2,0,0,0,16,6.4,67,88,71,155,31,21.3,157,31.4,146.5,29.3,75.50605868,C,75.90605868,C,73.80605868,C,75.90605868,C
101,6847_102,AU2019,M,Non-Resident Alien,Non-URM,1198,CSE,1223,30,6847,LEC,E,ENRL,GRD,5-Aug-19,NWD,2.9,10,10,10,10,4.75,10,10,10,10,10,2,96.75,3.989690722,5,5,5,5,5,5,5,5,5,5,5,5,5,65,15,2,2,2,2,2,2,2,2,2,2,2,2,20,8,99,97,92,196,39.2,27.6,192.5,38.5,193.5,38.7,96.68969072,A,95.98969072,A,96.18969072,A,96.68969072,A
102,6847_103,AU2019,M,White,Non-URM,1198,CSE,1223,30,6847,LEC,E,ENRL,GRD,30-Jul-19,NWD,2.9,10,10,10,10,5,10,10,10,10,10,2,97,4,5,5,5,5,5,5,5,5,5,5,5,5,5,65,15,2,2,2,2,2,2,2,2,2,2,2,2,20,8,96,97,95,193,38.6,28.5,192.5,38.5,192,38.4,97,A,96.9,A,96.8,A,97,A
103,6847_104,AU2019,M,White,Non-URM,1198,CSE,1223,30,6847,LEC,E,ENRL,GRD,1-Aug-19,NWD,2.9,10,8.44,4.81,8.25,2.5,10,10,10,9.27,10,2,85.27,3.51628866,5,5,5,5,5,5,5,4,4.5,3.5,5,3.6,0,55.6,12.83076923,2,2,2,2,2,2,2,2,2,2,1.75,2,20,8,86,81,73,167,33.4,21.9,160.5,32.1,163,32.6,82.54705789,B-,81.24705789,B-,81.74705789,B-,82.54705789,B
104,6847_105,AU2019,M,Hispanic,URM,1198,CSE,1223,30,6847,LEC,E,ENRL,GRD,30-Jul-19,NWD,2.5,9.94,9.7,8.91,8.83,4.5,9.23,9.35,10,8.91,10,2,91.37,3.767835052,5,5,5,5,0,5,4.83,1.54,0,1.97,4.41,0,5,42.75,9.865384615,2,2,2,2,2,2,2,2,2,2,2,0,20,8,75,92,89,167,33.4,26.7,174,34.8,165.5,33.1,84.23321967,B,85.63321967,B,83.93321967,B,85.63321967,B
105,6847_106,AU2019,F,White,Non-URM,1198,CSE,1223,30,6847,LEC,E,ENRL,GRD,30-Jul-19,NWD,2.8,10,10,10,10,4,10,10,10,9.91,10,2,95.91,3.955051546,5,5,5,4.5,5,5,5,5,5,5,5,5,5,64.5,14.88461538,2,2,2,2,2,2,2,2,2,2,2,2,20,8,96,96,90,192,38.4,27,189,37.8,189,37.8,95.03966693,A,94.43966693,A,94.43966693,A,95.03966693,A
106,6847_107,AU2019,F,Asian,Non-URM,1198,CSE,1223,30,6847,LEC,E,ENRL,GRD,12-Aug-19,NWD,2.91,10,10,9.74,9.71,3,9.81,9.86,10,10,10,2,94.12,3.881237113,5,5,5,5,3.5,5,4.75,5,5,4,4.5,5,5,61.75,14.25,2,2,2,2,2,2,2,2,2,2,2,2,20,8,94,82,91,176,35.2,27.3,174.5,34.9,180.5,36.1,91.54123711,A-,91.24123711,A-,92.44123711,A-,92.44123711,A
107,6847_108,AU2019,F,White,Non-URM,1198,CSE,1223,30,6847,LEC,E,ENRL,GRD,30-Jul-19,NWD,2.74,10,10,10,10,5,10,10,10,10,10,2,97,4,5,5,5,5,5,4,5,5,4.88,5,5,5,5,63.88,14.74153846,2,2,2,2,2,2,2,2,2,2,2,2,20,8,98,100,94,198,39.6,28.2,196,39.2,195,39,97.28153846,A,96.88153846,A,96.68153846,A,97.28153846,A
108,6847_109,AU2019,M,White,Non-URM,1198,CSE,1223,30,6847,LEC,E,ENRL,GRD,30-Jul-19,NWD,2.9,9.4,10,10,10,4.25,10,10,10,10,10,2,95.65,3.944329897,5,5,5,5,5,5,5,5,5,5,5,5,5,65,15,2,2,2,2,2,2,2,2,2,2,2,2,20,8,93,97,93,190,38,27.9,190,38,188,37.6,95.7443299,A,95.7443299,A,95.3443299,A,95.7443299,A
109,6847_110,AU2019,M,Asian,Non-URM,1198,CSE,1223,30,6847,LEC,E,ENRL,GRD,30-Jul-19,NWD,2.82,10,10,10,10,5,10,10,10,10,10,2,97,4,5,5,5,5,3.5,5,4.75,5,5,4,5,5,5,62.25,14.36538462,2,2,2,2,2,2,2,2,2,2,2,2,20,8,84,97,95,181,36.2,28.5,186.5,37.3,180,36,93.88538462,A,94.98538462,A,93.68538462,A,94.98538462,A
110,6847_111,AU2019,M,Non-Resident Alien,Non-URM,1198,CSE,1223,30,6847,LEC,E,ENRL,GRD,12-Aug-19,NWD,3,10,10,10,10,0,9.62,10,10,10,10,2,91.62,3.77814433,5,5,5,4.5,4,4.5,4.5,4.5,2.13,1,3,5,4.5,52.63,12.14538462,2,2,2,2,2,2,2,1,2,2,2,2,20,8,92,84,63,176,35.2,18.9,161.5,32.3,165.5,33.1,81.02352895,B-,78.12352895,C+,78.92352895,C+,81.02352895,B-
111,6847_112,AU2019,F,Non-Resident Alien,Non-URM,1198,CSE,1223,30,6847,LEC,E,ENRL,GRD,11-Aug-19,NWD,2.47,9.59,10,9.04,8.83,3,0,9.57,0,7.18,9.74,2,68.95,2.843298969,5,5,3,0,0,2.5,3.5,0,0,0,3.21,3.5,0,25.71,5.933076923,2,0,2,2,0,2,0,2,0,0,2,2,14,5.6,71,76,83,147,29.4,24.9,153,30.6,150.5,30.1,71.14637589,C-,72.34637589,C-,71.84637589,C-,72.34637589,C
112,6847_113,AU2019,M,Non-Resident Alien,Non-URM,1198,CSE,1223,30,6847,LEC,E,ENRL,GRD,8-Aug-19,NWD,2.03,9.62,10,8.72,8.83,3,8.65,9.57,8.57,10,10,2,88.96,3.668453608,5,5,5,4,0.75,4,2.42,3.5,3.5,2.5,3.71,3.5,3.75,46.63,10.76076923,2,2,2,2,2,2,2,2,2,2,2,1,20,8,76,76,54,152,30.4,16.2,141,28.2,141,28.2,71.05922284,C-,68.85922284,D+,68.85922284,D+,71.05922284,C-
113,6847_114,AU2019,M,Black or African American,URM,1198,CSE,1223,30,6847,LEC,E,ENRL,FFG,30-Jul-19,NWD,1.6,8.51,8.95,8.65,7.77,4.75,7.69,9.2,10,0,0,2,67.52,2.784329897,5,4,5,3.5,2.33,5,5,0,0,0,0,0,0,29.83,6.883846154,2,2,2,2,2,2,2,0,2,0,0,0,16,6.4,50,27,33,77,15.4,9.9,68.5,13.7,80,16,42.96817605,E,41.26817605,E,43.56817605,E,43.56817605,#E
114,6847_115,AU2019,M,None Given/Race Unknown,Non-URM,1198,CSE,1223,30,6847,LEC,E,EWAT,GRD,9-Aug-19,NWD,2.2,0,10,10,10,5,8.85,9.86,10,10,9.74,2,85.45,3.52371134,5,5,5,5,4.17,1,4.83,5,4.75,3,0,3.4,2.86,49.01,11.31,0,2,2,2,2,2,2,2,0,0,2,2,18,7.2,81,88,82,169,33.8,24.6,169.5,33.9,166,33.2,82.63371134,B-,82.73371134,B-,82.03371134,B-,82.73371134,B
115,6847_116,AU2019,M,White,Non-URM,1198,CSE,1223,30,6847,LEC,E,ENRL,GRD,7-Aug-19,NWD,2.3,10,9.92,10,9.22,0,9.52,9.57,10,0,0,2,70.23,2.896082474,5,5,5,4,5,3,4.83,4,5,0,2.65,4.8,5,53.28,12.29538462,2,2,2,0,1,2,1.75,2,2,2,2,2,19.75,7.9,87,80,72,167,33.4,21.6,159.5,31.9,163,32.6,80.39146709,B-,78.89146709,C+,79.59146709,C+,80.39146709,B-
116,6847_117,AU2019,M,Black or African American,URM,1198,CSE,1223,30,6847,LEC,E,ENRL,GRD,30-Jul-19,NWD,2.91,9.49,9.49,9.36,8.83,3,9.42,9.71,5,9.27,10,2,85.57,3.528659794,0,5,5,5,0,5,4.17,3,2,3,4.06,1.25,4.5,41.98,9.687692308,2,2,2,2,2,2,2,2,2,2,2,2,20,8,63,86,71,149,29.8,21.3,153,30.6,141.5,28.3,75.2263521,C,76.0263521,C,73.7263521,C,76.0263521,C+
117,6847_118,AU2019,F,Two or More Races,URM,1198,CSE,1223,30,6847,LEC,E,ENRL,GRD,30-Jul-19,NWD,2.82,9.81,10,10,10,5,8.85,9.57,10,10,10,2,95.23,3.927010309,5,5,5,5,5,5,5,0,0,0,0,0,0,35,8.076923077,2,2,2,0,2,1,2,1,2,1,2,1,17,6.8,86,83,76,169,33.8,22.8,164,32.8,165.5,33.1,78.22393339,C+,77.22393339,C+,77.52393339,C+,78.22393339,C+
118,6847_119,AU2019,M,White,Non-URM,1198,CSE,1223,30,6847,LEC,E,ENRL,FFG,8-Aug-19,NWD,1.32,9.24,9.87,8.91,7.48,0,0,0,0,0,0,2,37.5,1.546391753,5,0,5,0,0,0,0,0,0,0,0,0,0,10,2.307692308,2,1,2,2,0,0,0,0,0,0,0,0,7,2.8,27,0,0,27,5.4,0,13.5,2.7,27,5.4,13.37408406,E,10.67408406,E,13.37408406,E,13.37408406,#EN
119,6847_120,AU2019,F,Asian,Non-URM,1198,CSE,1223,30,6847,LEC,E,ENRL,FFG,30-Jul-19,NWD,3,10,10,9.74,10,4.5,10,10,10,10,10,2,96.24,3.968659794,5,5,5,5,5,5,5,4.81,5,4.55,5,5,5,64.36,14.85230769,2,2,2,2,2,2,2,2,2,2,2,2,20,8,68,83,60,151,30.2,18,147,29.4,139.5,27.9,78.02096749,C+,77.22096749,C+,75.72096749,C,78.02096749,#C+
120,6847_121,AU2019,M,White,Non-URM,1198,CSE,1223,30,6847,LEC,E,ENRL,GRD,13-Aug-19,NWD,2.74,9.49,10,9.55,9.61,4,9.23,9.49,10,9.45,10,2,92.82,3.827628866,5,5,5,5,5,4,4,5,4,5,4.5,5,3,59.5,13.73076923,2,2,2,2,2,2,2,2,2,2,2,2,20,8,79,83,66,162,32.4,19.8,155.5,31.1,153.5,30.7,80.4983981,B-,79.1983981,C+,78.7983981,C+,80.4983981,B-
121,6847_122,AU2019,M,Asian,Non-URM,1198,CSE,1223,30,6847,LEC,E,ENRL,GRD,8-Aug-19,NWD,2.9,10,10,9.74,10,4.25,10,10,10,9.91,9.74,2,95.64,3.943917526,5,5,5,5,3,3.5,5,4.81,5,4.55,4.71,5,5,60.57,13.97769231,2,2,2,2,2,2,2,2,2,2,2,2,20,8,81,90,74,171,34.2,22.2,167.5,33.5,163,32.6,85.22160983,B,84.52160983,B,83.62160983,B,85.22160983,B
122,6847_123,AU2019,M,White,Non-URM,1198,CSE,1223,30,6847,LEC,E,ENRL,FFG,9-Aug-19,NWD,1.68,5.06,8.61,8.14,8.45,0,0,0,0,0,0,2,32.26,1.330309278,5,5,5,4,0,0,0,4,0,0,0,0,0,23,5.307692308,2,2,2,2,1,2,2,1,2,0,1,0,17,6.8,70,53,0,123,24.6,0,88,17.6,96.5,19.3,39.71800159,E,32.71800159,E,34.41800159,E,39.71800159,#EN
123,6847_124,AU2019,M,Two or More Races,Non-URM,1198,CSE,1223,30,6847,LEC,E,ENRL,GRD,2-Aug-19,NWD,3,10,10,9.94,10,4,10,10,10,9.91,10,2,95.85,3.95257732,5,5,5,5,5,5,5,5,5,5,5,5,3,63,14.53846154,2,2,2,2,2,2,2,2,2,2,2,2,20,8,94,94,93,188,37.6,27.9,187.5,37.5,187.5,37.5,94.99103886,A,94.89103886,A,94.89103886,A,94.99103886,A
124,6847_125,AU2019,M,Non-Resident Alien,Non-URM,1198,CSE,1223,30,6847,LEC,E,ENRL,GRD,12-Aug-19,NWD,2.74,10,10,10,8.93,5,10,10,10,10,10,2,95.93,3.955876289,5,5,5,5,3,5,5,4.81,5,5,5,5,5,62.81,14.49461538,2,2,2,2,2,2,2,2,0,1,2,0,19,7.6,90,89,90,179,35.8,27,179,35.8,179.5,35.9,91.59049167,A-,91.59049167,A-,91.69049167,A-,91.69049167,A-
125,6847_126,AU2019,M,None Given/Race Unknown,Non-URM,1198,CSE,1223,30,6847,LEC,E,ENRL,GRD,6-Aug-19,NWD,2.7,10,10,9.74,10,4,10,9.86,10,10,10,2,95.6,3.942268041,5,5,5,5,5,5,5,5,5,4.55,5,5,5,64.55,14.89615385,2,2,2,2,2,2,2,2,2,2,2,2,20,8,86,94,82,180,36,24.6,178,35.6,174,34.8,90.13842189,A-,89.73842189,B+,88.93842189,B+,90.13842189,A-
126,6847_127,AU2019,M,White,Non-URM,1198,CSE,1223,30,6847,LEC,E,ENRL,GRD,12-Aug-19,NWD,2.8,8.54,9.92,9.49,10,4.25,4.9,9.86,10,9.82,10,2,88.78,3.661030928,5,5,4.5,3.5,5,5,4.83,5,2.25,3,5,5,5,58.08,13.40307692,2,2,2,2,2,2,2,2,2,2,2,2,20,8,82,97,86,179,35.8,25.8,181,36.2,173.5,34.7,89.46410785,B+,89.86410785,B+,88.36410785,B+,89.86410785,A-
127,6847_128,AU2019,M,Asian,Non-URM,1198,CSE,1223,30,6847,LEC,E,ENRL,GRD,30-Jul-19,NWD,2.5,10,10,10,10,4.75,10,10,10,10,10,2,96.75,3.989690722,5,5,5,5,5,5,5,4.81,5,4.39,5,4.6,5,63.8,14.72307692,2,2,2,2,2,2,2,2,2,2,1.6,2,20,8,89,90,95,179,35.8,28.5,182,36.4,181.5,36.3,93.51276764,A,94.11276764,A,94.01276764,A,94.11276764,D
128,6847_129,AU2019,F,Non-Resident Alien,Non-URM,1198,CSE,1223,30,6847,LEC,E,ENRL,GRD,11-Aug-19,NWD,1.3,3.32,10,9.29,0,4.75,0,9.57,10,9.18,10,2,68.11,2.808659794,5,5,0,4,0,4,4.83,5,2,4.55,4.41,4.2,5,47.99,11.07461538,2,2,2,2,2,2,2,2,0,0,2,2,20,8,48,62,51,110,22,15.3,111.5,22.3,104.5,20.9,60.48327518,D,60.78327518,D,59.38327518,E,60.78327518,C+
129,6847_130,AU2019,M,Non-Resident Alien,Non-URM,1198,CSE,1223,30,6847,LEC,E,ENRL,GRD,20-Aug-19,NWD,2.74,10,10,10,8.93,5,10,10,10,10,10,2,95.93,3.955876289,5,5,5,5,4,5,5,5,5,5,5,5,5,64,14.76923077,2,2,2,2,2,2,2,2,2,1,2,0,20,8,68,79,62,147,29.4,18.6,144,28.8,138.5,27.7,77.46510706,C+,76.86510706,C,75.76510706,C,77.46510706,B-
130,6847_131,AU2019,M,Non-Resident Alien,Non-URM,1198,CSE,1223,30,6847,LEC,E,ENRL,GRD,19-Aug-19,NWD,3,10,10,9.94,10,2,10,10,10,10,10,2,93.94,3.873814433,5,5,5,5,5,5,5,5,5,5,5,5,5,65,15,2,2,2,2,2,2,2,2,2,2,2,2,20,8,85,76,70,161,32.2,21,153.5,30.7,158,31.6,83.07381443,B,81.57381443,B-,82.47381443,B-,83.07381443,A
131,6847_133,AU2019,F,Non-Resident Alien,Non-URM,1198,CSE,1223,30,6847,LEC,E,ENRL,FFG,12-Aug-19,NWD,2.65,9.75,10,10,10,4,10,10,10,9.55,10,2,95.3,3.929896907,5,5,5,4,4,5,4.25,4,1.75,2.5,4.5,4.5,5,54.5,12.57692308,2,2,2,2,2,2,2,2,2,2,2,2,20,8,75,67,40,142,28.4,12,124.5,24.9,128.5,25.7,67.55681998,D+,64.05681998,D,64.85681998,D,67.55681998,#D+
132,6847_132,AU2019,M,Non-Resident Alien,Non-URM,1198,CSE,1223,30,6847,LEC,E,ENRL,GRD,30-Jul-19,NWD,2.6,10,10,10,10,4.75,10,10,10,10,10,2,96.75,3.989690722,5,5,5,5,5,5,5,4.62,3.75,1.67,2,3.4,5,55.44,12.79384615,2,1.5,2,2,2,2,1,1.6,2,2,2,2,19.6,7.84,77,96,66,173,34.6,19.8,167.5,33.5,158,31.6,81.62353688,B-,80.52353688,B-,78.62353688,C+,81.62353688,B
133,6847_134,AU2019,M,Non-Resident Alien,Non-URM,1198,CSE,1223,30,6847,LEC,E,ENRL,GRD,20-Aug-19,NWD,2.8,10,10,10,10,4.5,10,10,10,10,10,2,96.5,3.979381443,5,5,5,5,5,5,5,5,5,5,5,5,5,65,15,2,2,2,2,2,2,2,2,2,0,2,2,20,8,92,94,87,186,37.2,26.1,183.5,36.7,182.5,36.5,93.07938144,A,92.57938144,A-,92.37938144,A-,93.07938144,A
134,6847_135,AU2019,M,White,Non-URM,1198,CSE,1223,30,6847,LEC,E,ENRL,GRD,30-Jul-19,NWD,3,10,10,10,10,4.75,10,10,10,10,10,2,96.75,3.989690722,5,5,5,5,5,5,5,5,5,4.7,5,5,5,64.7,14.93076923,2,1.6,2,2,2,2,2,2,2,2,2,2,20,8,92,92,95,184,36.8,28.5,185.5,37.1,185.5,37.1,95.22045995,A,95.52045995,A,95.52045995,A,95.52045995,A
135,6847_136,AU2019,M,White,Non-URM,1198,CSE,1223,30,6847,LEC,E,ENRL,FFG,15-Aug-19,NWD,2.74,10,10,9.87,9.03,5,10,10,0,9.36,10,2,85.26,3.515876289,5,5,5,4,0,4,0,2.5,0,0.5,3.21,0,5,34.21,7.894615385,2,2,2,2,2,2,0,2,2,2,1,0,19,7.6,67,55,38,122,24.4,11.4,107.5,21.5,113.5,22.7,57.55049167,E,54.65049167,E,55.85049167,E,57.55049167,#E
136,6847_137,AU2019,M,Two or More Races,URM,1198,CSE,1223,30,6847,LEC,E,EWAT,GRD,22-Aug-19,NWD,2.7,10,10,9.94,10,0,10,10,10,0,10,2,81.94,3.378969072,5,5,5,5,4,3.5,4.83,4.23,3.5,3.33,4.71,4.4,5,57.5,13.26923077,2,2,2,2,2,2,2,2,2,2,2,2,20,8,89,89,84,178,35.6,25.2,175.5,35.1,175.5,35.1,88.14819984,B+,87.64819984,B+,87.64819984,B+,88.14819984,B+
137,6847_138,AU2019,M,Non-Resident Alien,Non-URM,1198,CSE,1223,30,6847,LEC,E,ENRL,FFG,31-Jul-19,NWD,1.32,0,10,9.23,8.83,2,8.56,9.57,8.57,9.18,0,0,65.94,2.719175258,4,0,2,2,0,0,0,4.5,0,1.5,0,0.5,0,14.5,3.346153846,2,2,0,0,0,0,1,1,0,0,0,0,6,2.4,40,57,40,97,19.4,12,97,19.4,88.5,17.7,41.1853291,E,41.1853291,E,39.4853291,E,41.1853291,#E
138,6847_139,AU2019,F,Non-Resident Alien,Non-URM,1198,CSE,1223,30,6847,LEC,E,EWAT,GRD,9-Aug-19,NWD,2.8,10,10,10,10,5,10,10,10,10,10,2,97,4,5,5,4.5,5,3.33,4.75,4.83,4.25,4.75,3,4.71,4.8,5,58.92,13.59692308,2,2,2,2,2,2,2,2,2,2,2,2,20,8,86,68,83,154,30.8,24.9,152.5,30.5,161.5,32.3,84.09692308,B,83.79692308,B,85.59692308,B,85.59692308,B
139,6847_140,AU2019,F,Non-Resident Alien,Non-URM,1198,CSE,1223,30,6847,LEC,E,ENRL,GRD,7-Aug-19,NWD,3,9.84,10,9.94,10,5,10,10,10,10,10,2,96.78,3.990927835,5,5,5,5,5,5,2.66,4.75,4.5,3.64,5,4.4,5,59.95,13.83461538,2,2,2,2,2,2,2,2,2,2,2,0,20,8,96,94,88,190,38,26.4,186,37.2,187,37.4,93.22554322,A,92.42554322,A-,92.62554322,A-,93.22554322,A
140,6847_141,AU2019,F,Non-Resident Alien,Non-URM,1198,CSE,1223,30,6847,LEC,E,ENRL,GRD,9-Aug-19,NWD,2.82,9.49,10,9.94,10,4,9.81,10,10,10,10,2,95.24,3.92742268,5,5,5,5,3.5,5,4.17,5,4.63,4,4,4.5,5,59.8,13.8,2,2,2,2,2,2,2,2,2,2,2,2,20,8,78,96,92,174,34.8,27.6,181,36.2,172,34.4,90.94742268,A-,92.34742268,A-,90.54742268,A-,92.34742268,A
141,6847_142,AU2019,F,Non-Resident Alien,Non-URM,1198,CSE,1223,30,6847,LEC,E,ENRL,GRD,12-Aug-19,NWD,3,10,10,10,10,5,10,10,10,10,10,2,97,4,5,5,5,5,5,5,5,5,5,5,0,4.4,5,59.4,13.70769231,2,2,2,2,2,2,2,2,2,2,2,2,20,8,78,89,91,167,33.4,27.3,173.5,34.7,168,33.6,89.40769231,B+,90.70769231,A-,89.60769231,B+,90.70769231,A-
142,6847_143,AU2019,M,Non-Resident Alien,Non-URM,1198,CSE,1223,30,6847,LEC,E,ENRL,GRD,9-Aug-19,NWD,3,10,10,10,10,4.25,10,10,10,10,10,2,96.25,3.969072165,5,5,5,5,5,5,5,5,5,5,5,5,5,65,15,2,2,2,2,2,2,2,2,2,2,2,2,20,8,96,87,82,183,36.6,24.6,176,35.2,180.5,36.1,91.16907216,A-,89.76907216,B+,90.66907216,A-,91.16907216,A-
143,6847_144,AU2019,M,Asian,Non-URM,1198,CSE,1223,30,6847,LEC,E,ENRL,GRD,12-Aug-19,NWD,2.9,10,10,10,10,4.5,10,10,10,10,10,2,96.5,3.979381443,5,5,5,5,5,5,5,5,5,5,5,5,5,65,15,2,2,2,2,2,2,2,2,2,2,2,2,20,8,81,96,79,177,35.4,23.7,176,35.2,168.5,33.7,88.97938144,B+,88.77938144,B+,87.27938144,B+,88.97938144,B+
144,6847_146,AU2019,M,Non-Resident Alien,Non-URM,1198,CSE,1223,30,6847,LEC,E,ENRL,GRD,30-Jul-19,NWD,3,10,10,10,10,4,10,10,10,10,10,2,96,3.958762887,5,5,5,5,5,5,4.67,5,3.38,3,4.41,4,5,59.46,13.72153846,2,2,2,2,2,2,2,2,2,2,2,0,20,8,92,91,96,183,36.6,28.8,185,37,185.5,37.1,94.08030135,A,94.48030135,A,94.58030135,A,94.58030135,A
145,6847_147,AU2019,M,Non-Resident Alien,Non-URM,1198,CSE,1223,30,6847,LEC,E,ENRL,GRD,30-Jul-19,NWD,0.4,10,10,10,10,4.75,10,10,10,10,10,2,96.75,3.989690722,5,5,4,4,5,1,4.83,5,3.5,3.5,4.71,5,5,55.54,12.81692308,2,2,2,2,2,2,2,2,2,2,0,2,20,8,79,74,68,153,30.6,20.4,147.5,29.5,150,30,76.2066138,C,75.1066138,C,75.6066138,C,76.2066138,C+
146,6847_148,AU2019,M,Non-Resident Alien,Non-URM,1198,CSE,1223,30,6847,LEC,E,ENRL,GRD,4-Aug-19,NWD,2.9,9.94,10,10,9.51,5,9.81,9.86,10,10,10,2,96.12,3.96371134,5,5,5,4,5,5,5,5,3,4.85,4.41,4.2,5,60.46,13.95230769,2,2,2,2,2,2,2,2,2,2,2,0,20,8,76,70,72,146,29.2,21.6,144,28.8,147,29.4,79.61601903,C+,79.21601903,C+,79.81601903,C+,79.81601903,B-
147,6847_145,AU2019,F,Non-Resident Alien,Non-URM,1198,CSE,1223,30,6847,LEC,E,EWAT,GRD,7-Aug-19,NWD,2.65,10,10,10,10,5,10,10,10,10,10,2,97,4,5,5,5,5,5,5,5,5,5,5,5,5,5,65,15,2,2,2,2,2,2,2,2,1,2,2,2,20,8,70,85,70,155,31,21,155,31,147.5,29.5,81.65,B-,81.65,B-,80.15,B-,81.65,B
148,6847_149,AU2019,M,Non-Resident Alien,Non-URM,1198,CSE,1223,30,6847,LEC,E,ENRL,GRD,14-Aug-19,NWD,2.82,9.68,10,9.94,10,3,10,10,10,9.82,10,2,94.44,3.89443299,5,5,5,5,3.5,5,4.67,2,1.38,0.5,1.77,4.5,4.5,47.82,11.03538462,2,2,2,2,2,1,2,2,2,2,2,2,20,8,94,97,94,191,38.2,28.2,191,38.2,189.5,37.9,92.14981761,A-,92.14981761,A-,91.84981761,A-,92.14981761,A-
149,6847_150,AU2019,F,Non-Resident Alien,Non-URM,1198,CSE,1223,30,6847,LEC,E,ENRL,GRD,13-Aug-19,NWD,2.9,8.45,10,10,10,4.25,9.81,10,3.93,9.91,10,2,88.35,3.643298969,5,5,5,5,5,5,4.83,5,4,3.94,4.71,4.2,5,61.68,14.23384615,2,2,2,2,2,2,2,2,2,2,2,1,20,8,94,93,82,187,37.4,24.6,181,36.2,181.5,36.3,90.77714512,A-,89.57714512,B+,89.67714512,B+,90.77714512,A-
150,6847_152,AU2019,M,Non-Resident Alien,Non-URM,1198,CSE,1223,30,6847,LEC,E,ENRL,GRD,23-Aug-19,NWD,3,10,10,10,10,5,10,10,10,10,10,2,97,4,5,5,5,5,5,5,5,5,5,5,5,5,5,65,15,2,2,2,2,2,2,2,2,2,2,2,2,20,8,89,100,91,189,37.8,27.3,190,38,184.5,36.9,95.1,A,95.3,A,94.2,A,95.3,A
151,6847_153,AU2019,F,Non-Resident Alien,Non-URM,1198,CSE,1223,30,6847,LEC,E,ENRL,GRD,5-Aug-19,NWD,2.91,10,10,10,10,5,10,10,10,10,10,2,97,4,5,5,5,5,5,5,5,5,5,5,5,5,5,65,15,2,2,2,2,2,2,2,2,2,1,2,2,20,8,92,92,77,184,36.8,23.1,176.5,35.3,176.5,35.3,89.81,B+,88.31,B+,88.31,B+,89.81,A-
152,6847_151,AU2019,M,Non-Resident Alien,Non-URM,1198,CSE,1223,30,6847,LEC,E,ENRL,GRD,13-Aug-19,NWD,2.9,10,10,10,10,4.25,10,10,10,10,10,2,96.25,3.969072165,5,5,5,5,5,5,5,5,5,5,5,5,5,65,15,2,2,2,2,2,2,2,2,2,2,2,2,20,8,99,95,100,194,38.8,30,194.5,38.9,196.5,39.3,98.66907216,A,98.76907216,A,99.16907216,A,99.16907216,A